Player,Pos,G,FG,3P,FT,TRB,AST,STL,BLK,TOV,PTS
,,,,,,,,,,,
Precious Achiuwa\achiupr01,C,73,265,56,78,473,82,37,41,84,664
Steven Adams\adamsst01,C,76,210,0,108,760,256,65,60,115,528
Bam Adebayo\adebaba01,C,56,406,0,256,564,190,80,44,148,1068
Santi Aldama\aldamsa01,PF,32,53,6,20,87,21,6,10,16,132
LaMarcus Aldridge\aldrila01,C,47,252,14,89,258,42,14,47,44,607
Nickeil Alexander-Walker\alexani01,SG,65,253,105,81,187,156,46,23,93,692
Grayson Allen\allengr01,SG,66,255,159,64,222,100,46,18,43,733
Jarrett Allen\allenja01,C,56,369,1,165,602,92,44,75,94,904
Jose Alvarado\alvarjo01,PG,54,131,32,36,100,152,71,7,40,330
Justin Anderson\anderju01,SF,16,36,15,15,46,33,8,6,8,102
Kyle Anderson\anderky01,PF,69,209,36,67,368,183,77,45,71,521
Giannis Antetokounmpo\antetgi01,PF,67,689,71,553,778,388,72,91,219,2002
Thanasis Antetokounmpo\antetth01,SF,48,70,2,29,101,22,16,12,26,171
Carmelo Anthony\anthoca01,PF,69,319,149,132,288,68,47,52,59,919
Cole Anthony\anthoco01,PG,65,357,132,216,348,369,46,17,170,1062
OG Anunoby\anunoog01,SF,48,309,115,89,264,125,71,25,80,822
Ryan Arcidiacono\arcidry01,PG,10,6,4,0,8,4,1,0,3,16
Trevor Ariza\arizatr01,SF,24,33,20,10,82,27,13,6,11,96
D.J. Augustin\augusdj01,PG,55,94,68,38,68,107,17,1,56,294
Deni Avdija\avdijde01,SF,82,250,82,103,425,167,59,44,87,685
Joel Ayayi\ayayijo01,SG,7,1,0,0,3,4,0,0,0,2
Deandre Ayton\aytonde01,C,58,442,7,106,593,84,40,40,91,997
Udoka Azubuike\azubuud01,C,17,37,0,6,71,0,1,11,12,80
Marvin Bagley III\baglema01,PF,48,225,23,67,338,36,22,18,39,540
LaMelo Ball\ballla01,PG,75,538,220,212,501,571,119,30,245,1508
Lonzo Ball\balllo01,PG,35,162,110,21,190,178,64,31,82,455
Mo Bamba\bambamo01,C,71,296,107,57,572,85,38,118,77,756
Desmond Bane\banede01,SF,76,508,228,140,334,208,92,29,111,1384
Dalano Banton\bantoda01,SF,64,83,13,26,124,99,28,10,53,205
Cat Barber\barbeca01,PG,3,0,0,0,3,3,0,0,1,0
Harrison Barnes\barneha02,PF,77,391,142,341,432,186,53,14,118,1265
Scottie Barnes\barnesc01,PF,74,459,58,158,557,256,80,55,136,1134
RJ Barrett\barrerj01,SF,70,487,138,290,408,208,43,16,151,1402
Will Barton\bartowi01,SG,71,392,157,102,340,276,55,31,127,1043
Paris Bass\basspa01,SF,2,2,0,2,4,0,1,0,2,6
Charles Bassey\bassech01,PF,23,30,0,9,62,7,5,17,8,69
Keita Bates-Diop\bateske01,SF,59,136,17,46,231,41,27,14,45,335
Nicolas Batum\batumni01,PF,59,179,108,25,254,100,58,42,40,491
Kent Bazemore\bazemke01,SF,39,45,29,13,69,34,25,9,21,132
Darius Bazley\bazleda01,PF,69,274,80,117,436,97,58,70,90,745
Bradley Beal\bealbr01,SG,40,348,63,169,189,265,36,15,135,928
Malik Beasley\beaslma01,SG,79,332,240,49,227,116,43,12,43,953
Jordan Bell\belljo01,C,1,0,0,0,1,0,1,0,0,0
DeAndre' Bembry\bembrde01,SF,56,124,15,21,163,66,49,25,31,284
D?vis Bert?ns\bertada01,PF,56,99,77,36,117,31,17,12,19,311
Patrick Beverley\beverpa01,PG,58,177,83,96,240,268,67,52,73,533
Saddiq Bey\beysa01,SF,82,450,211,210,441,233,73,16,96,1321
Khem Birch\birchkh01,C,55,97,0,53,239,56,30,26,29,247
Goga Bitadze\bitadgo01,C,50,131,23,64,177,55,21,42,46,349
Bismack Biyombo\biyombi01,C,36,86,0,38,167,23,12,26,25,210
Nemanja Bjelica\bjeline01,C,71,160,54,59,294,159,41,26,87,433
Eric Bledsoe\bledser01,PG,54,197,51,89,182,225,69,19,116,534
Keljin Blevins\blevike01,SF,31,34,21,6,45,19,13,1,17,95
Bogdan Bogdanovi?\bogdabo01,SG,63,342,169,97,250,194,68,14,70,950
Bojan Bogdanovi?\bogdabo02,PF,69,422,181,223,296,120,34,1,118,1248
Bol Bol\bolbo01,PF,14,15,1,2,20,5,1,2,4,33
Leandro Bolmaro\bolmale01,SF,35,17,5,11,43,21,6,0,13,50
Isaac Bonga\bongais01,SF,15,3,1,5,7,4,8,2,2,12
Devin Booker\bookede01,SG,68,662,183,315,342,329,77,26,162,1822
Brandon Boston Jr.\bostobr01,SG,51,125,34,59,111,51,26,13,31,343
Chris Boucher\bouchch01,PF,80,268,68,150,494,25,49,75,42,754
James Bouknight\bouknja01,SG,31,49,17,27,52,26,7,1,15,142
Avery Bradley\bradlav01,SG,62,148,82,16,136,47,53,9,38,394
Tony Bradley\bradlto01,C,55,72,0,19,186,27,10,33,34,163
Ignas Brazdeikis\brazdig01,SF,42,81,27,21,72,37,10,3,17,210
Mikal Bridges\bridgmi01,SF,82,458,115,131,347,185,96,36,68,1162
Miles Bridges\bridgmi02,PF,80,596,154,267,559,300,74,67,150,1613
Oshae Brissett\brissos01,SF,67,208,83,114,358,72,44,29,54,613
Malcolm Brogdon\brogdma01,PG,36,243,58,143,185,212,30,14,77,687
Armoni Brooks\brookar01,SG-PG,54,98,74,18,103,62,28,11,27,288
Dillon Brooks\brookdi01,SF,32,227,46,90,102,88,36,8,50,590
Bruce Brown\brownbr01,SF,72,256,38,97,345,148,77,52,56,647
Charlie Brown Jr.\brownch02,SG,22,10,1,9,32,6,10,4,5,30
Chaundee Brown Jr.\brownch05,SG-SF,5,10,6,5,16,4,2,0,1,31
Greg Brown III\browngr01,SF,48,81,19,44,135,35,26,24,36,225
Jaylen Brown\brownja02,SF,66,576,166,241,404,231,70,18,178,1559
Moses Brown\brownmo01,C,40,64,0,43,135,1,7,16,20,171
Sterling Brown\brownst02,SG,49,59,28,14,149,34,14,7,23,160
Troy Brown Jr.\browntr01,SF,66,108,47,20,203,66,36,5,26,283
Jalen Brunson\brunsja01,PG,79,506,94,179,309,377,66,3,124,1285
Thomas Bryant\bryanth01,C,27,77,12,35,108,23,6,21,19,201
Shaq Buchanan\buchash01,PG,2,1,0,0,2,2,1,0,2,2
Reggie Bullock\bullore01,SF,68,201,141,40,241,83,41,14,40,583
Trey Burke\burketr01,PG,42,84,26,20,33,57,12,0,26,214
Alec Burks\burksal01,SG,81,285,157,217,397,239,85,26,91,944
Jared Butler\butleja02,SG,42,61,28,11,45,63,17,8,33,161
Jimmy Butler\butleji01,SF,57,398,27,396,336,312,94,27,121,1219
Devontae Cacok\cacokde01,PF,15,21,0,4,42,6,8,7,3,46
Kentavious Caldwell-Pope\caldwke01,SG,77,361,159,137,261,145,83,26,97,1018
Facundo Campazzo\campafa01,PG,65,107,58,60,117,220,63,23,67,332
Vlatko ?an?ar\cancavl01,PF,15,23,7,9,31,17,2,3,9,62
Devin Cannady\cannade01,PG,5,15,15,5,6,10,5,3,5,50
Clint Capela\capelca01,C,74,370,0,80,877,92,55,93,44,820
Vernon Carey Jr.\careyve01,C,7,7,0,6,12,0,2,1,3,20
Jevon Carter\carteje01,PG,66,98,66,15,110,96,24,14,34,277
Wendell Carter Jr.\cartewe01,C,62,359,70,143,648,171,36,43,117,931
Alex Caruso\carusal01,SG,41,102,42,58,148,165,71,15,57,304
Willie Cauley-Stein\caulewi01,C,20,16,1,1,40,10,6,3,7,34
Ahmad Caver\caverah01,PG,1,1,0,0,0,0,0,0,0,2
Justin Champagnie\champju01,SF,36,31,10,9,72,11,8,4,8,81
Zylan Cheatham\cheatzy01,SF,1,0,0,0,0,0,0,0,0,0
Chris Chiozza\chiozch01,PG,34,24,17,2,36,65,13,0,32,67
Marquese Chriss\chrisma01,PF,34,62,8,22,103,17,13,12,17,154
Josh Christopher\chrisjo01,SG,74,224,56,83,186,150,65,13,114,587
Gary Clark\clarkga01,PF,38,33,28,7,90,18,13,7,10,101
Brandon Clarke\clarkbr01,PF,64,288,5,85,342,86,39,68,34,666
Jordan Clarkson\clarkjo01,SG,79,466,190,144,273,194,66,16,129,1266
Nic Claxton\claxtni01,C,47,178,0,54,264,43,24,51,38,410
Amir Coffey\coffeam01,SG,69,211,96,101,197,124,38,15,45,619
John Collins\collijo01,PF,54,339,64,134,422,98,33,56,60,876
Zach Collins\colliza01,PF,28,76,14,52,153,61,13,23,45,218
Darren Collison\collida01,PG,3,2,0,0,4,2,1,0,1,4
Mike Conley\conlemi01,PG,72,344,169,129,217,385,96,21,123,986
Pat Connaughton\connapa01,SG,65,227,146,45,273,82,59,15,35,645
Tyler Cook\cookty01,PF,20,23,0,21,53,3,4,4,7,67
Sharife Cooper\coopesh01,PG,13,3,1,0,5,5,0,0,5,7
Petr Cornelie\cornepe01,PF,13,5,1,3,14,3,1,1,4,14
DeMarcus Cousins\couside01,C,48,149,37,95,270,71,35,21,85,430
Robert Covington\covinro01,PF-SF,71,209,128,58,391,92,103,91,75,604
Torrey Craig\craigto01,SF,78,200,77,39,310,91,46,36,67,516
Jae Crowder\crowdja01,PF,67,217,127,71,354,124,95,30,55,632
Jarrett Culver\culveja01,SG,37,51,12,16,48,33,20,5,20,130
Jarron Cumberland\cumbeja01,SG,3,1,0,0,3,1,0,0,0,2
Cade Cunningham\cunnica01,PG,64,429,114,142,354,356,78,43,234,1114
Seth Curry\curryse01,SG,64,360,158,82,200,230,53,14,109,960
Stephen Curry\curryst01,PG,64,535,285,275,335,404,85,23,206,1630
Anthony Davis\davisan02,C,40,370,13,174,394,122,49,90,82,927
Ed Davis\davised01,C,31,11,0,6,64,7,3,9,5,28
Terence Davis\daviste02,SG,30,113,49,36,94,40,25,11,33,311
Gabriel Deck\deckga01,PF,7,8,2,0,6,5,1,0,2,18
Dewayne Dedmon\dedmode01,C,67,164,19,75,386,47,24,42,70,422
Sam Dekker\dekkesa01,PF,1,0,0,0,0,0,0,0,0,0
Javin DeLaurier\delauja01,C,1,0,0,0,1,0,1,0,0,0
DeMar DeRozan\derozde01,PF,76,774,50,520,392,374,68,24,181,2118
Mamadi Diakite\diakima01,PF,13,25,0,6,59,2,5,9,7,56
Cheick Diallo\diallch01,C,3,3,0,5,12,0,1,0,1,11
Hamidou Diallo\diallha01,SG,58,261,23,91,277,73,71,17,58,636
Gorgui Dieng\dienggo01,C,44,53,29,19,121,34,11,13,20,154
Spencer Dinwiddie\dinwisp01,PG,67,306,112,195,279,346,44,13,104,919
Donte DiVincenzo\divindo01,SG,42,118,74,70,170,118,48,8,72,380
Luka Don?i?\doncilu01,PG,65,641,201,364,593,568,75,36,292,1847
Luguentz Dort\dortlu01,SF,51,293,130,161,212,88,46,18,88,877
Ayo Dosunmu\dosunay01,SG,77,278,70,53,214,256,60,29,108,679
Damyean Dotson\dotsoda01,SG,2,2,0,0,2,1,0,0,0,4
Devon Dotson\dotsode01,PG,11,11,2,5,9,15,1,0,5,29
Sekou Doumbouya\doumbse01,PF,2,5,1,3,6,0,3,2,2,14
Jeff Dowtin\dowtije01,PG,9,8,1,2,18,10,5,1,5,19
PJ Dozier\doziepj01,SG,18,36,15,10,63,29,11,6,13,97
Goran Dragi?\dragigo01,PG,21,57,16,27,65,86,19,4,34,157
Andre Drummond\drumman01,C,73,247,0,86,680,131,78,68,115,580
Chris Duarte\duartch01,SG,55,268,94,90,226,114,56,10,90,720
David Duke Jr.\dukeda01,PG,22,39,9,17,67,17,14,7,9,104
Kris Dunn\dunnkr01,PG,14,44,1,17,49,79,23,3,32,106
Kevin Durant\duranke01,PF,55,578,115,372,407,351,48,52,191,1643
Jaime Echenique\echenja01,C,1,0,0,0,0,0,0,0,0,0
Anthony Edwards\edwaran01,SG,72,549,215,220,343,275,105,46,190,1533
Carsen Edwards\edwarca01,SG,4,9,4,1,6,14,2,0,5,23
Kessler Edwards\edwarke02,SF,48,110,48,16,172,31,29,24,42,284
Rob Edwards\edwarro01,SG,2,1,1,0,3,0,0,0,1,3
CJ Elleby\ellebcj01,SF,58,121,37,60,227,87,35,19,56,339
Wayne Ellington\ellinwa01,SG,43,98,82,9,77,30,23,5,19,287
Joel Embiid\embiijo01,C,68,666,93,654,796,284,77,99,214,2079
James Ennis III\ennisja01,SF,7,11,3,4,12,3,2,2,2,29
Drew Eubanks\eubandr01,C,71,221,5,99,382,85,31,40,81,546
Tacko Fall\fallta01,C,11,5,0,2,23,2,0,6,3,12
Derrick Favors\favorde01,C,39,94,2,16,184,25,17,12,9,206
Bruno Fernando\fernabr01,C,30,36,1,15,55,7,1,11,14,88
Dorian Finney-Smith\finnedo01,PF,80,326,172,56,375,150,88,39,80,880
Malik Fitts\fittsma01,PF,15,8,5,0,17,5,0,0,2,21
Malachi Flynn\flynnma01,PG,44,72,30,15,63,70,20,4,13,189
Bryn Forbes\forbebr01,SG,75,231,122,79,93,75,25,5,56,663
Aleem Ford\fordal03,SF,5,6,2,0,15,2,1,0,4,14
Trent Forrest\forretr01,PG,60,76,5,38,99,106,30,6,48,195
Evan Fournier\fournev01,SG,80,402,241,80,210,171,79,20,105,1125
De'Aaron Fox\foxde01,PG,59,516,74,261,231,330,68,25,168,1367
Melvin Frazier\frazime01,SG,3,13,1,5,13,1,1,0,3,32
Tim Frazier\fraziti01,PG,12,14,6,5,19,34,3,1,15,39
Enes Freedom\kanteen01,C,35,51,2,24,160,8,5,14,20,128
Markelle Fultz\fultzma01,PG,18,83,4,25,49,99,20,5,40,195
Wenyen Gabriel\gabriwe01,PF,26,54,8,25,97,14,5,11,16,141
Daniel Gafford\gaffoda01,C,72,285,0,107,407,68,30,99,65,677
Danilo Gallinari\gallida01,PF,66,259,112,141,308,101,28,12,38,771
Langston Galloway\gallola01,SG,7,6,2,0,18,12,1,0,6,14
Darius Garland\garlada01,PG,68,542,174,215,224,583,89,7,248,1473
Marcus Garrett\garrema01,SG,12,5,1,2,23,7,5,3,2,13
Usman Garuba\garubus01,PF,24,19,5,5,83,17,10,11,6,48
Luka Garza\garzalu01,C,32,66,16,38,100,20,9,6,18,186
Rudy Gay\gayru01,PF,55,157,70,62,242,56,25,19,47,446
Paul George\georgpa01,SF,31,268,91,127,213,176,67,13,126,754
Taj Gibson\gibsota01,C,52,86,15,42,229,32,22,40,27,229
Josh Giddey\giddejo01,SG,54,281,56,56,421,345,51,20,171,674
Shai Gilgeous-Alexander\gilgesh01,PG,56,477,89,328,278,331,71,46,154,1371
Anthony Gill\gillan01,PF,44,62,14,42,85,27,5,11,18,180
Freddie Gillespie\gillefr01,PF,9,9,0,3,36,5,3,9,5,21
Rudy Gobert\goberru01,C,66,362,0,303,968,72,45,137,119,1027
Brandon Goodwin\goodwbr01,PG,36,64,19,24,67,91,25,1,36,171
Jordan Goodwin\goodwjo01,SG,2,0,0,0,1,0,0,0,0,0
Aaron Gordon\gordoaa01,PF,75,434,87,171,439,188,44,44,133,1126
Eric Gordon\gordoer01,SG,57,268,124,105,113,154,28,18,107,765
Devonte' Graham\grahade01,PG,76,296,192,118,177,316,71,12,105,902
Jerami Grant\grantje01,PF,47,298,91,217,191,111,44,49,85,904
Hassani Gravett\graveha01,PG,8,18,11,3,21,20,5,1,9,50
Danny Green\greenda02,SF,62,126,103,11,157,64,60,37,45,366
Draymond Green\greendr01,PF,46,135,16,60,336,320,61,50,139,346
Jalen Green\greenja05,SG,67,406,157,188,226,176,44,18,135,1157
JaMychal Green\greenja01,PF,67,159,33,81,281,59,43,26,57,432
Javonte Green\greenja02,SF,65,176,36,80,276,60,67,32,30,468
Jeff Green\greenje02,C,75,277,53,165,231,96,28,27,71,772
Josh Green\greenjo02,SG,67,130,28,31,161,79,45,14,44,319
Blake Griffin\griffbl01,PF,56,133,38,55,228,105,27,14,31,359
Quentin Grimes\grimequ01,SG,46,95,72,13,94,44,31,11,28,275
Kyle Guy\guyky01,SG,19,26,14,8,17,17,7,1,13,74
Rui Hachimura\hachiru01,PF,42,187,55,46,160,48,23,9,33,475
Tyrese Haliburton\halibty01,SG-PG,77,430,161,160,311,628,134,49,199,1181
Tyler Hall\hallty01,SG,1,0,0,0,0,0,0,0,0,0
R.J. Hampton\hamptrj01,SG,64,175,64,75,194,158,42,13,87,489
Tim Hardaway Jr.\hardati02,SG,42,209,102,78,156,92,38,6,34,598
James Harden\hardeja01,PG-SG,65,407,148,470,500,667,82,36,284,1432
Maurice Harkless\harklma01,SF,47,83,31,20,112,23,29,24,31,217
Jared Harper\harpeja01,PG,5,14,5,4,2,14,4,1,2,37
Montrezl Harrell\harremo01,C,71,358,4,212,431,145,29,43,72,932
Gary Harris\harriga01,SG,61,240,116,83,122,108,59,9,61,679
Joe Harris\harrijo01,SF,14,56,41,5,56,14,7,2,16,158
Tobias Harris\harrito02,PF,73,493,101,170,496,252,47,43,116,1257
Shaquille Harrison\harrish01,SG,2,2,0,0,4,3,1,1,2,4
Josh Hart\hartjo01,SG-SF,54,287,73,160,388,224,61,13,114,807
Isaiah Hartenstein\harteis01,C,68,229,14,91,332,160,50,77,84,563
Udonis Haslem\hasleud01,C,13,14,1,3,25,4,1,1,5,32
Sam Hauser\hausesa01,SF,26,23,19,0,29,10,1,2,2,65
Jaxson Hayes\hayesja02,C,70,245,20,144,315,43,33,55,54,654
Killian Hayes\hayeski01,PG,66,176,44,57,210,277,78,35,111,453
Gordon Hayward\haywago01,SF,49,283,86,126,224,177,47,22,81,778
Aaron Henry\henryaa01,SF,6,1,0,0,1,0,0,2,2,2
Juancho Hernangómez\hernaju01,PF,40,44,24,19,100,20,14,10,16,131
Willy Hernangómez\hernawi01,C,50,170,4,109,338,63,21,19,51,453
Tyler Herro\herroty01,SG,66,501,175,190,329,263,44,8,174,1367
Buddy Hield\hieldbu01,SG,81,446,262,111,353,229,73,25,153,1265
Haywood Highsmith\highsha01,SF,19,16,9,2,26,6,2,3,3,43
George Hill\hillge01,SG,54,118,41,57,155,120,42,6,41,334
Malcolm Hill\hillma01,SF-SG,19,24,13,11,35,8,7,3,3,72
Solomon Hill\hillso01,PF,13,3,2,0,23,12,4,2,1,8
Nate Hinton\hintona01,SG,2,0,0,0,0,0,0,0,1,0
Jaylen Hoard\hoardja01,SF,7,44,9,6,84,17,6,5,8,103
Aaron Holiday\holidaa01,PG,63,151,39,59,122,153,42,9,67,400
Jrue Holiday\holidjr01,PG,67,478,132,137,301,457,108,29,183,1225
Justin Holiday\holidju01,SF-SG,74,261,177,50,190,128,57,33,70,749
Richaun Holmes\holmeri01,C,45,198,2,70,317,48,17,41,56,468
Rodney Hood\hoodro01,SF-SG,52,58,30,17,77,38,15,6,11,163
Scotty Hopson\hopsosc01,SG,1,2,0,0,1,1,0,0,2,4
Al Horford\horfoal01,C,69,266,89,80,530,232,49,92,65,701
Talen Horton-Tucker\hortota01,SG,60,224,49,100,193,159,59,29,82,597
Danuel House Jr.\houseda01,SF,42,80,44,44,111,44,21,17,33,248
Dwight Howard\howardw01,C,60,134,8,96,356,35,34,36,47,372
Markus Howard\howarma02,SG,31,39,28,20,12,7,9,0,7,126
Kevin Huerter\huertke01,SG,74,345,160,42,254,203,55,26,91,892
Jay Huff\huffja01,C,4,0,0,0,4,1,1,1,1,0
Elijah Hughes\hugheel01,SG-SF,36,47,25,7,58,22,14,8,17,126
Feron Hunt\huntfe01,SF,2,0,0,0,1,1,1,0,1,0
De'Andre Hunter\huntede01,SF,53,254,74,127,176,68,36,21,69,709
Chandler Hutchison\hutchch01,SF,6,1,0,2,5,2,0,0,4,4
Bones Hyland\hylanbo01,PG,69,230,131,107,188,191,41,20,86,698
Serge Ibaka\ibakase01,C-PF,54,148,37,32,250,49,11,33,43,365
Andre Iguodala\iguodan01,SF,31,46,17,15,100,114,27,22,28,124
Joe Ingles\inglejo01,SF,45,115,78,17,131,158,23,5,46,325
Brandon Ingram\ingrabr01,SF,55,453,74,266,320,307,34,26,151,1246
Kyrie Irving\irvinky01,PG,29,289,100,118,127,167,41,17,73,796
Wes Iwundu\iwundwe01,SF,3,8,3,3,13,0,1,0,1,22
Frank Jackson\jacksfr01,PG,53,194,86,86,87,55,27,9,38,560
Isaiah Jackson\jacksis01,PF,36,116,5,60,149,10,25,52,40,297
Jaren Jackson Jr.\jacksja02,PF,78,430,128,284,454,86,73,177,130,1272
Josh Jackson\jacksjo02,SF,51,120,33,55,141,54,26,22,47,328
Justin Jackson\jacksju01,SF,7,5,3,2,7,2,0,0,1,15
Reggie Jackson\jacksre01,SG,75,479,167,138,271,359,55,15,173,1263
LeBron James\jamesle01,SF,56,640,161,254,459,349,73,59,196,1695
DeJon Jarreau\jarrede01,SG,1,0,0,0,0,0,0,0,0,0
DaQuan Jeffries\jeffrda01,SG,3,1,0,0,2,1,0,0,0,2
Ty Jerome\jeromty01,SG,48,124,54,38,78,109,30,5,37,340
Isaiah Joe\joeis01,SG,55,62,45,29,56,35,14,3,19,198
Alize Johnson\johnsal02,PF,23,17,0,7,61,9,5,0,12,41
B.J. Johnson\johnsbj01,SF,4,11,4,0,15,0,0,1,0,26
Cameron Johnson\johnsca02,PF,66,279,166,98,273,99,57,16,47,822
David Johnson\johnsda08,SG,2,0,0,0,0,0,0,0,0,0
Jalen Johnson\johnsja05,PF,22,22,3,5,26,3,3,2,9,52
James Johnson\johnsja01,PF,62,144,23,29,215,130,30,34,48,340
Joe Johnson\johnsjo02,SG,1,1,0,0,0,0,0,0,0,2
Keldon Johnson\johnske04,SF,75,471,159,177,457,158,58,14,92,1278
Keon Johnson\johnske07,SG,37,96,34,41,81,76,28,12,46,267
Stanley Johnson\johnsst04,PF,48,117,33,53,155,80,43,14,35,320
Tyler Johnson\johnsty01,PG,6,6,5,0,12,7,3,3,2,17
Nikola Joki?\jokicni01,C,74,764,97,379,1019,584,109,63,281,2004
Carlik Jones\jonesca03,PG,5,1,0,2,3,5,1,0,3,4
Damian Jones\jonesda03,C,56,175,10,94,246,69,26,47,59,454
Derrick Jones Jr.\jonesde02,PF,51,105,20,56,169,30,25,33,30,286
Herbert Jones\joneshe01,PF,78,274,57,137,296,167,130,60,100,742
Jemerrio Jones\jonesje01,SF,2,2,0,0,3,0,1,0,0,4
Kai Jones\joneska01,C,21,9,1,3,11,4,1,2,6,22
Mason Jones\jonesma05,SG,4,7,1,12,10,4,2,0,1,27
Tre Jones\jonestr01,PG,69,166,10,71,155,233,42,7,46,413
Tyus Jones\jonesty01,PG,73,249,80,54,176,324,66,2,46,632
DeAndre Jordan\jordade01,C,48,92,0,22,264,21,12,35,37,206
Cory Joseph\josepco01,PG,65,178,65,100,174,237,42,17,85,521
Georgios Kalaitzakis\kalaige01,SF,13,31,10,14,21,12,11,2,20,86
Frank Kaminsky\kaminfr01,C,9,36,5,18,41,13,8,7,5,95
Luke Kennard\kennalu01,SG,70,287,190,69,229,146,42,6,60,833
Braxton Key\keybr01,SF,11,33,6,7,50,11,10,11,11,79
George King\kingge03,SF,4,0,0,1,5,0,0,0,1,1
Louis King\kinglo02,SF,10,15,8,7,12,9,2,1,0,45
Corey Kispert\kispeco01,SF,77,234,112,54,209,85,35,22,50,634
Maxi Kleber\klebima01,PF,59,141,83,46,350,68,30,58,47,411
Brandon Knight\knighbr03,PG,5,10,4,8,8,8,1,0,4,32
Nathan Knight\knighna01,PF,37,45,4,44,85,22,7,8,18,138
Kevin Knox\knoxke01,SF,30,31,15,16,44,10,4,2,7,93
John Konchar\konchjo01,SG,72,135,52,27,329,109,45,22,29,349
Furkan Korkmaz\korkmfu01,SG,67,182,77,68,175,127,33,9,48,509
Luke Kornet\kornelu01,C,15,13,0,4,29,9,3,3,0,30
Vit Krejci\krejcvi01,SG,30,68,32,19,101,57,19,8,29,187
Arnoldas Kulboka\kulboar01,SF,2,0,0,0,0,0,0,0,0,0
Jonathan Kuminga\kuminjo01,SF,70,236,50,130,234,64,31,22,74,652
Kyle Kuzma\kuzmaky01,PF,66,423,128,156,561,233,42,57,169,1130
Anthony Lamb\lamban01,SF,2,0,0,0,1,2,0,0,0,0
Jeremy Lamb\lambje01,SF-SG,56,133,55,89,154,81,31,22,37,410
Jock Landale\landajo01,C,54,101,29,34,138,45,10,14,31,265
Romeo Langford\langfro01,SG,48,83,29,23,108,21,22,16,16,218
Zach LaVine\lavinza01,SF,67,565,185,320,308,303,41,23,171,1635
Jake Layman\laymaja01,SF,34,30,8,13,36,9,7,5,10,81
Damion Lee\leeda03,SG,63,169,63,66,203,63,39,6,38,467
Saben Lee\leesa01,PG,37,69,14,56,87,107,36,12,36,208
Alex Len\lenal01,C,39,94,6,41,161,45,13,25,43,235
Caris LeVert\leverca01,SG,58,379,82,146,214,248,51,23,108,986
Kira Lewis Jr.\lewiski01,PG,24,59,13,10,39,49,11,1,26,141
Scottie Lewis\lewissc01,SG,2,0,0,1,0,1,1,0,0,1
Damian Lillard\lillada01,PG,29,222,92,159,120,212,17,11,83,695
Nassir Little\littlna01,SF,42,145,51,69,236,54,25,36,40,410
Isaiah Livers\liveris01,SF,19,41,27,12,57,21,13,7,15,121
Kevon Looney\looneke01,C,82,208,0,75,596,165,50,52,67,491
Brook Lopez\lopezbr01,C,13,61,19,20,53,6,8,15,12,161
Robin Lopez\lopezro01,C,36,110,2,32,126,54,2,18,44,254
Didi Louzada\louzama01,SG-SF,9,12,9,2,17,5,2,2,5,35
Kevin Love\loveke01,PF,74,327,187,166,536,160,26,18,98,1007
Kyle Lowry\lowryky01,PG,63,276,144,148,282,474,67,17,168,844
Gabriel Lundberg\lundbga01,SG,4,5,3,0,7,11,3,0,3,13
Timothé Luwawu-Cabarrot\luwawti01,SF,52,74,44,35,82,40,18,6,20,227
Trey Lyles\lylestr01,PF,75,262,67,195,379,88,29,32,73,786
Théo Maledon\maledth01,PG,51,119,44,79,131,111,31,11,65,361
Sandro Mamukelashvili\mamuksa01,PF,41,57,22,18,82,22,9,9,15,154
Terance Mann\mannte01,SF,81,334,76,128,425,209,55,21,84,872
Tre Mann\manntr01,PG,60,231,98,65,171,91,47,12,71,625
Boban Marjanovi?\marjabo01,C,23,42,1,13,39,3,0,3,15,98
Lauri Markkanen\markkla01,PF,61,313,136,138,345,81,45,30,54,900
Naji Marshall\marshna01,SF,55,109,21,74,142,62,33,8,46,313
Caleb Martin\martica02,SF,60,208,64,71,230,64,58,30,52,551
Cody Martin\martico01,SF,71,204,61,75,285,179,88,32,61,544
Kelan Martin\martike03,SF,30,70,22,9,55,21,13,9,14,171
Kenyon Martin Jr.\martike04,SF,79,279,60,78,297,101,34,40,60,696
Garrison Mathews\mathega01,SG,65,184,139,143,190,64,57,24,41,650
Dakota Mathias\mathida01,SG,6,2,2,0,2,1,1,0,0,6
Wesley Matthews\matthwe02,SG,49,87,53,22,92,36,23,8,18,249
Tyrese Maxey\maxeyty01,PG,75,483,132,213,240,321,55,32,88,1311
Skylar Mays\mayssk01,SG,28,32,8,8,25,17,7,0,10,80
Miles McBride\mcbrimi01,PG,40,32,17,8,42,41,14,1,5,89
Mac McClung\mccluma01,SG-PG,2,3,1,1,3,1,1,1,3,8
CJ McCollum\mccolcj01,SG,62,536,182,116,269,315,70,22,127,1370
T.J. McConnell\mccontj01,PG,27,100,10,19,90,131,29,10,29,229
Jaden McDaniels\mcdanja02,PF,70,255,80,57,293,79,52,54,75,647
Jalen McDaniels\mcdanja01,SF,55,123,41,53,170,58,26,22,36,340
Doug McDermott\mcderdo01,PF,51,215,108,40,115,64,13,6,43,578
JaVale McGee\mcgeeja01,C,74,288,2,102,496,42,22,81,98,680
Cameron McGriff\mcgrica01,SF,3,5,2,2,15,3,0,1,0,14
Rodney McGruder\mcgruro01,SG,51,98,58,19,111,48,21,7,24,273
Alfonzo McKinnie\mckinal01,SF,17,24,9,2,33,5,2,3,7,59
JaQuori McLaughlin\mclauja01,PG,4,0,0,0,0,2,0,0,0,0
Jordan McLaughlin\mclaujo01,PG,62,88,27,30,94,180,57,10,38,233
Ben McLemore\mclembe01,SG,64,216,151,72,103,59,38,10,55,655
De'Anthony Melton\meltode01,SG,73,281,139,90,328,194,104,39,112,791
Sam Merrill\merrisa01,SG,6,8,7,2,7,4,0,0,2,25
Chimezie Metu\metuch01,C,60,203,57,71,335,60,51,32,61,534
Khris Middleton\middlkh01,SF,66,452,162,259,356,358,76,18,190,1325
C.J. Miles\milescj01,SG,1,0,0,0,0,0,0,0,0,0
Patty Mills\millspa02,PG,81,324,227,48,156,183,51,17,73,923
Paul Millsap\millspa01,PF,33,45,8,17,114,29,10,13,19,115
Shake Milton\miltosh01,PG,55,173,43,61,142,139,28,17,44,450
Davion Mitchell\mitchda01,PG,75,352,101,56,166,313,55,24,114,861
Donovan Mitchell\mitchdo01,SG,67,617,232,267,282,358,99,12,200,1733
Evan Mobley\mobleev01,PF,69,422,23,167,570,174,56,115,133,1034
Malik Monk\monkma01,SG,76,391,173,93,256,218,61,29,122,1048
Greg Monroe\monrogr01,C,14,32,0,12,64,22,8,10,12,76
Moses Moody\moodymo01,SG,52,80,40,28,80,23,7,10,13,228
Xavier Moon\moonxa01,SG,10,25,5,3,14,24,7,3,6,58
Matt Mooney\moonema01,SG,1,0,0,0,0,0,1,0,1,0
Ja Morant\moranja01,PG,57,580,88,316,325,384,66,22,196,1564
Juwan Morgan\morgaju01,PF,2,2,1,0,4,1,0,0,0,5
Jaylen Morris\morrija01,SG,3,0,0,2,2,2,0,0,1,2
Marcus Morris\morrima03,PF,54,300,101,129,239,113,28,18,69,830
Markieff Morris\morrima02,PF,17,54,13,8,45,23,6,1,20,129
Monte Morris\morrimo01,PG,75,374,124,73,226,333,56,14,78,945
Emmanuel Mudiay\mudiaem01,PG,2,0,0,3,0,4,1,0,1,3
Mychal Mulder\muldemy01,PG,17,24,17,4,24,5,4,2,8,69
Ade Murkey\murkead01,SG,1,0,0,0,0,0,0,0,0,0
Trey Murphy III\murphtr02,SF,62,109,71,45,147,38,23,7,16,334
Dejounte Murray\murrade01,PG,68,573,96,196,563,627,138,23,180,1438
Mike Muscala\muscami01,C,43,113,70,48,129,22,18,26,14,344
Svi Mykhailiuk\mykhasv01,SF,56,91,41,32,92,45,26,4,32,255
Abdel Nader\naderab01,SF,14,12,4,6,27,7,8,4,11,34
Larry Nance Jr.\nancela02,PF,46,129,23,40,248,81,43,20,37,321
RJ Nembhard Jr.\nembhrj01,SG,14,6,0,3,7,12,1,0,3,15
Aaron Nesmith\nesmiaa01,SF,52,72,31,21,89,22,20,5,31,196
Raul Neto\netora01,PG,70,204,35,83,134,217,55,3,79,526
Malik Newman\newmama01,PG,1,3,0,2,1,1,0,0,1,8
Georges Niang\niangge01,PF,76,246,156,52,203,102,30,13,59,700
Daishen Nix\nixda01,SG,24,27,7,16,33,40,15,0,26,77
Zeke Nnaji\nnajize01,PF,41,96,37,41,147,17,16,13,23,270
Nerlens Noel\noelne01,C,25,32,0,21,141,23,30,31,20,85
Jaylen Nowell\nowelja01,SG,62,196,63,72,123,130,27,10,36,527
Frank Ntilikina\ntilila01,PG,58,89,38,24,79,69,27,7,31,240
Jusuf Nurki?\nurkiju01,C,56,321,15,185,619,157,62,34,143,842
David Nwaba\nwabada01,SF,46,85,15,48,151,35,28,20,21,233
Jordan Nwora\nworajo01,SF,62,186,79,36,221,59,25,17,57,487
Royce O'Neale\onealro01,SF,77,203,119,45,368,191,86,32,79,570
Semi Ojeleye\ojelese01,PF,30,30,15,23,74,9,7,6,9,98
Chuma Okeke\okekech01,PF,70,216,118,55,347,118,97,42,57,605
Josh Okogie\okogijo01,SG,49,42,14,35,70,25,26,12,23,133
Onyeka Okongwu\okongon01,C,48,156,0,80,283,53,31,60,44,392
Isaac Okoro\okorois01,SF,67,207,55,119,201,121,56,22,58,588
KZ Okpala\okpalkz01,PF,21,30,9,8,41,14,4,7,5,77
Victor Oladipo\oladivi01,SG,8,35,15,14,23,28,5,1,16,99
Cameron Oliver\oliveca01,SF,2,10,1,2,6,3,1,1,0,23
Kelly Olynyk\olynyke01,C,40,128,40,69,177,111,31,19,58,365
Eugene Omoruyi\omorueu01,SF,4,2,1,2,7,2,0,0,0,7
Miye Oni\onimi01,SG,16,2,1,0,7,5,0,0,1,5
Cedi Osman\osmande01,SF,66,247,128,87,146,135,52,10,67,709
Daniel Oturu\oturuda01,C,3,3,0,3,5,0,0,2,0,9
Kelly Oubre Jr.\oubreke01,SF,76,410,191,126,302,84,77,31,67,1137
Jaysean Paige\paigeja01,PG,1,0,0,0,1,1,0,0,1,0
Trayvon Palmer\palmetr01,SG,1,0,0,0,2,0,0,0,1,0
Kevin Pangos\pangoke01,PG,24,15,6,3,11,30,3,0,7,39
Jabari Parker\parkeja01,PF,12,18,8,9,28,6,4,1,8,53
Eric Paschall\pascher01,PF,58,114,40,66,106,36,9,5,27,334
Chris Paul\paulch01,PG,65,363,63,169,283,702,121,20,153,958
Cameron Payne\payneca01,PG,58,240,71,75,175,282,40,17,103,626
Elfrid Payton\paytoel01,PG,50,67,4,12,88,99,25,6,47,150
Gary Payton II\paytoga02,PG,71,212,43,35,247,64,96,22,40,502
Norvel Pelle\pelleno01,C,3,3,0,0,6,0,0,1,2,6
Reggie Perry\perryre01,PF,10,40,3,9,47,12,9,6,11,92
Jamorko Pickett\pickeja01,PF,13,18,13,1,32,7,0,7,5,50
Theo Pinson\pinsoth01,SF,19,14,10,10,21,17,5,2,5,48
Mason Plumlee\plumlma01,C,73,205,0,67,565,226,61,52,100,477
Jakob Poeltl\poeltja01,C,68,410,1,94,634,189,45,118,109,915
Aleksej Pokusevski\pokusal01,PF,61,186,57,35,318,131,39,38,94,464
Yves Pons\ponsyv01,SF,12,5,3,0,12,1,1,4,1,13
Jordan Poole\poolejo01,SG,76,474,211,246,260,304,60,23,187,1405
Kevin Porter Jr.\porteke02,PG,61,335,155,124,267,376,69,22,192,949
Michael Porter Jr.\portemi01,SF,9,37,10,5,59,17,10,2,12,89
Otto Porter Jr.\porteot01,PF,63,193,80,49,362,94,68,29,37,515
Bobby Portis\portibo01,C,72,417,133,85,657,86,53,51,90,1052
Kristaps Porzi??is\porzikr01,PF,51,352,78,248,411,119,37,84,81,1030
Micah Potter\pottemi01,C,3,5,0,2,9,0,1,1,1,12
Dwight Powell\poweldw01,C,82,269,13,166,404,97,37,39,64,717
Myles Powell\powelmy01,PG,11,5,1,2,6,3,1,0,3,13
Norman Powell\powelno01,SF-SG,45,279,106,189,145,96,42,21,69,853
Joshua Primo\primojo01,SG,50,101,42,44,113,81,20,23,57,288
Taurean Prince\princta02,PF,69,177,86,62,174,68,47,23,53,502
Payton Pritchard\pritcpa01,SG,71,160,101,21,134,139,25,6,41,442
Trevelin Queen\queentr01,SG,10,15,9,4,16,4,5,1,7,43
Neemias Queta\quetane01,C,14,17,0,11,31,6,1,8,6,45
Immanuel Quickley\quickim01,PG,78,284,137,177,247,275,54,3,99,882
Jahmi'us Ramsey\ramseja01,SG,19,24,5,7,13,7,1,1,5,60
Julius Randle\randlju01,PF,72,512,120,303,716,370,53,39,245,1447
Austin Reaves\reaveau01,SG,61,146,53,99,193,110,29,20,40,444
Cam Reddish\reddica01,SF,49,165,66,101,105,48,47,15,57,497
Davon Reed\reedda01,SG,48,81,37,10,108,53,24,9,16,209
Paul Reed\reedpa01,C,38,54,2,6,92,16,33,14,10,116
Naz Reid\reidna01,C,77,233,57,114,301,71,40,71,82,637
Nick Richards\richani01,C,50,60,0,30,86,13,9,21,24,150
Josh Richardson\richajo01,SG,65,234,102,96,185,115,56,29,66,666
Austin Rivers\riverau01,SG,67,146,79,32,114,90,51,6,54,403
Duncan Robinson\robindu01,SG,79,290,232,51,203,129,42,14,60,863
Justin Robinson\robinju01,PG,25,28,18,4,21,32,9,1,17,78
Mitchell Robinson\robinmi01,C,72,261,0,88,617,38,58,133,60,610
Jeremiah Robinson-Earl\robinje02,C,49,134,58,40,274,49,29,15,39,366
Isaiah Roby\robyis01,PF,45,166,44,78,217,71,36,34,43,454
Rajon Rondo\rondora01,PG,39,68,31,19,108,170,30,6,68,186
Derrick Rose\rosede01,PG,26,122,37,30,78,103,22,12,39,311
Terrence Ross\rosste01,SG,63,220,77,112,161,116,28,12,75,629
Terry Rozier\roziete01,SG,73,518,222,150,315,326,93,25,96,1408
Ricky Rubio\rubiori01,PG,34,149,59,88,141,225,49,7,90,445
D'Angelo Russell\russeda01,PG,65,401,176,198,216,460,62,22,165,1176
Matt Ryan\ryanma01,SF,1,1,1,0,0,0,1,0,0,3
Domantas Sabonis\sabondo01,C-PF,62,443,39,246,752,323,59,27,195,1171
Olivier Sarr\sarrol01,C,22,58,13,24,93,19,6,15,22,153
Tomáš Satoranský\satorto01,SG,55,72,11,43,126,184,29,5,46,198
Jordan Schakel\schakjo01,SG,4,1,1,2,8,0,1,0,1,5
Admiral Schofield\schofad01,SF,38,54,26,12,89,25,4,5,21,146
Dennis Schröder\schrode01,SG-PG,64,312,86,157,214,296,53,8,143,867
Tre Scott\scotttr01,SF,2,3,0,0,2,0,1,1,0,6
Jay Scrubb\scrubja01,SG,18,18,6,7,16,8,4,3,7,49
Wayne Selden\seldewa01,SG,3,1,1,2,1,1,0,0,0,5
Alperen ?engün\sengual01,C,72,249,29,165,393,185,59,68,145,692
Collin Sexton\sextoco01,SG,11,68,11,29,36,23,10,0,31,176
Landry Shamet\shamela01,SG,69,191,123,68,126,108,28,9,41,573
Day'Ron Sharpe\sharpda01,PF,32,86,2,24,160,17,10,15,30,198
Pascal Siakam\siakapa01,PF,68,596,75,284,580,360,85,42,181,1551
Chris Silva\silvach01,PF,10,8,0,10,36,7,0,1,8,26
Marko Simonovic\simonma01,C,9,4,1,8,10,0,1,1,2,17
Anfernee Simons\simonan01,SG,57,353,179,103,151,221,30,6,115,988
Zavier Simpson\simpsza01,PG,4,19,1,5,21,30,5,4,10,44
Jericho Sims\simsje01,PF,41,39,0,12,169,21,11,22,20,90
Deividas Sirvydis\sirvyde01,SG,3,1,1,0,6,1,3,1,0,3
Javonte Smart\smartja01,PG,17,19,8,5,24,16,6,3,11,51
Marcus Smart\smartma01,PG,71,300,119,142,270,417,119,18,159,861
Dennis Smith Jr.\smithde03,PG,37,79,6,42,88,132,45,12,51,206
Ish Smith\smithis01,PG,65,185,25,15,140,244,47,23,78,410
Jalen Smith\smithja04,PF,51,176,40,78,307,24,15,41,42,470
Xavier Sneed\sneedxa01,SF,9,2,1,0,6,1,0,0,0,5
Tony Snell\snellto01,SG,53,69,45,4,103,28,16,9,19,187
Jaden Springer\sprinja01,SG,2,1,0,0,2,0,0,2,1,2
Cassius Stanley\stanlca01,SG,9,19,4,10,19,4,5,2,6,52
Nik Stauskas\stausni01,SG,8,5,4,4,3,2,0,0,1,18
Lance Stephenson\stephla01,SG-SF,46,147,27,63,127,165,24,4,72,384
Lamar Stevens\stevela01,PF,63,156,18,53,164,44,31,18,41,383
Isaiah Stewart\stewais01,C,71,250,15,74,617,82,22,78,85,589
Max Strus\strusma01,SF,68,249,181,42,202,92,28,16,57,721
Jalen Suggs\suggsja01,PG,48,198,42,126,171,209,59,19,143,564
Craig Sword\swordcr01,SG,3,3,0,0,0,1,4,0,1,6
Keifer Sykes\sykeske01,PG,32,69,27,15,45,62,12,4,33,180
Jae'Sean Tate\tateja01,SF,78,363,63,130,420,222,72,41,139,919
Jayson Tatum\tatumja01,SF,76,708,230,400,609,334,75,49,217,2046
Terry Taylor\taylote01,SG,33,135,12,36,172,41,14,8,23,318
Garrett Temple\templga01,SG,59,111,59,28,143,74,43,23,42,309
Emanuel Terry\terryem01,PF,3,0,0,0,15,2,1,0,5,0
Tyrell Terry\terryty01,PG,2,1,0,0,0,0,0,0,0,2
Jon Teske\teskejo01,C,3,0,0,0,2,1,1,0,0,0
Daniel Theis\theisda01,C,47,151,33,49,228,41,20,31,46,384
Brodric Thomas\thomabr01,SG,12,8,2,3,10,11,1,1,6,21
Cam Thomas\thomaca02,SG,67,218,47,87,161,78,33,8,55,570
Isaiah Thomas\thomais02,PG,22,67,28,22,29,34,7,5,15,184
Matt Thomas\thomama02,SG,40,55,35,16,50,20,8,3,8,161
Klay Thompson\thompkl01,SG,32,246,114,46,125,88,16,17,43,652
Tristan Thompson\thomptr01,PF,57,141,1,61,288,34,23,21,45,344
JT Thor\thorjt01,PF,33,24,7,12,43,19,8,11,10,67
Matisse Thybulle\thybuma01,SG,66,150,45,34,151,75,115,71,39,379
Killian Tillie\tilliki02,C,36,43,27,5,60,22,23,15,13,118
Xavier Tillman Sr.\tillmxa01,PF,53,98,10,46,161,62,49,15,34,252
Isaiah Todd\toddis01,PF,12,7,4,2,12,4,4,2,4,20
Obi Toppin\toppiob01,PF,72,251,52,94,268,77,25,33,56,648
Juan Toscano-Anderson\toscaju01,SF,73,115,28,40,176,127,48,17,68,298
Karl-Anthony Towns\townska01,C,74,642,150,384,727,269,72,83,226,1818
Gary Trent Jr.\trentga02,SG,70,450,209,174,191,141,122,19,73,1283
P.J. Tucker\tuckepj01,PF,71,207,80,45,387,149,58,15,66,539
Rayjon Tucker\tuckera01,SG,5,6,4,5,8,10,4,0,1,21
Myles Turner\turnemy01,C,42,200,61,79,297,44,28,118,54,540
Jonas Valan?i?nas\valanjo01,C,74,510,57,237,843,190,41,60,179,1314
Denzel Valentine\valende01,SG,24,25,19,0,42,11,8,0,12,69
Jarred Vanderbilt\vandeja01,PF,74,212,2,86,624,94,99,46,73,512
Fred VanVleet\vanvlfr01,PG,65,442,242,194,289,434,111,35,170,1320
Devin Vassell\vassede01,SF,71,326,137,83,306,136,76,41,58,872
Gabe Vincent\vincega01,PG,68,214,119,44,126,210,62,12,98,591
Nikola Vu?evi?\vucevni01,C,73,546,104,92,804,236,70,71,136,1288
Dean Wade\wadede01,PF,51,99,51,20,150,52,29,7,16,269
Franz Wagner\wagnefr01,SF,79,456,96,189,356,231,68,34,119,1197
Moritz Wagner\wagnemo01,C,63,197,66,104,232,87,20,13,56,564
Ish Wainright\wainris01,PF,45,41,19,7,54,15,20,6,13,108
Kemba Walker\walkeke02,PG,37,149,73,60,111,131,26,7,48,431
Lonnie Walker IV\walkelo01,SG,70,311,111,116,181,152,44,19,71,849
M.J. Walker\walkemj01,SG,2,0,0,0,1,1,2,0,0,0
Tyrone Wallace\wallaty01,SG,6,7,2,1,8,1,3,1,2,17
Derrick Walton\waltode01,PG,3,6,3,4,10,21,7,4,11,19
Brad Wanamaker\wanambr01,PG,23,28,4,23,39,55,7,6,23,83
Duane Washington Jr.\washidu02,PG,48,173,81,46,83,85,26,3,57,473
P.J. Washington\washipj01,PF,65,250,110,58,337,147,57,61,82,668
Yuta Watanabe\watanyu01,SF,38,56,27,24,92,21,11,16,19,163
Lindy Waters III\waterli01,SG,25,71,53,4,73,24,19,8,11,199
Tremont Waters\watertr01,PG,3,4,2,0,4,7,5,0,4,10
Trendon Watford\watfotr01,SF,48,142,9,71,199,81,25,28,44,364
Paul Watson\watsopa01,SF,9,12,6,1,27,8,3,3,4,31
Quinndary Weatherspoon\weathqu01,SG,11,12,1,5,14,5,1,1,3,30
Russell Westbrook\westbru01,PG,78,548,79,266,580,550,75,20,295,1441
Coby White\whiteco01,PG,61,279,136,78,182,176,29,11,70,772
Derrick White\whitede01,SG,75,337,115,203,261,366,64,58,119,992
Hassan Whiteside\whiteha01,C,65,215,0,104,494,26,22,103,53,534
Joe Wieskamp\wieskjo01,SG,29,20,14,7,14,9,4,3,2,61
Aaron Wiggins\wiggiaa01,SG,50,156,42,62,178,68,30,10,54,416
Andrew Wiggins\wiggian01,SF,73,475,157,149,325,161,76,51,111,1256
Lindell Wigginton\wiggili01,PG,19,26,9,19,25,23,5,1,12,80
Brandon Williams\willibr03,PG,24,105,31,68,74,94,24,10,58,309
Grant Williams\willigr01,PF,77,205,106,86,274,78,38,57,62,602
Kenrich Williams\willike04,SF,49,146,41,30,220,108,44,10,46,363
Lou Williams\willilo02,PG,56,125,37,67,87,105,28,3,43,354
Patrick Williams\willipa01,PF,17,54,15,30,69,15,9,9,16,153
Robert Williams\williro04,C,61,271,0,65,588,121,56,134,63,607
Ziaire Williams\willizi02,SF,62,191,76,43,129,65,35,12,41,501
D.J. Wilson\wilsodj01,PF,4,11,0,8,16,5,5,1,2,30
Dylan Windler\windldy01,SF,50,37,21,15,89,34,14,3,16,110
Justise Winslow\winslju01,SF,48,110,15,39,202,84,35,25,49,274
Cassius Winston\winstca01,PG,7,4,2,4,1,7,0,0,3,14
Christian Wood\woodch01,C,68,440,131,207,686,155,54,65,126,1218
Robert Woodard II\woodaro01,SF,12,2,1,2,11,3,1,1,1,7
Delon Wright\wrighde01,SG,77,122,44,54,220,188,93,19,45,342
McKinley Wright IV\wrighmc01,PG,5,2,1,0,0,3,0,0,1,5
Moses Wright\wrighmo01,PF,4,1,0,3,3,2,0,1,0,5
Gabe York\yorkga01,SG,2,2,1,3,2,4,2,1,1,8
Thaddeus Young\youngth01,PF,52,141,17,23,208,104,54,18,52,322
Trae Young\youngtr01,PG,76,711,233,500,284,737,72,7,303,2155
Omer Yurtseven\yurtsom01,C,56,130,1,38,294,49,17,20,41,299
Cody Zeller\zelleco01,C,27,51,0,38,125,22,8,6,19,140
Ivica Zubac\zubaciv01,C,76,310,0,165,644,120,36,77,114,785
